{"accuracy": [0.5962017178535461, 0.8534319400787354, 0.9102354645729065, 0.9366669058799744, 0.9528842568397522, 0.9645636081695557, 0.9704815149307251, 0.9765559434890747, 0.9799132347106934, 0.9812504649162292], "loss": [1.361722707748413, 0.46370574831962585, 0.2784478962421417, 0.19188916683197021, 0.14427179098129272, 0.10871408879756927, 0.09184844046831131, 0.07395811378955841, 0.06368990242481232, 0.05834117904305458], "val_accuracy": [0.8424197435379028, 0.9092305898666382, 0.9313111901283264, 0.9326769709587097, 0.9409856796264648, 0.9352378845214844, 0.9536194205284119, 0.9496358036994934, 0.9651718735694885, 0.9653995037078857], "val_loss": [0.49637362360954285, 0.2766202390193939, 0.21705582737922668, 0.20889465510845184, 0.179352805018425, 0.20853009819984436, 0.15099619328975677, 0.16126485168933868, 0.11398667097091675, 0.11462150514125824]}